{
  "resources": [
    "../assets/audio/audiosprite.mp3"
  ],
  "spritemap": {
    "cat_purring": {
      "start": 0,
      "end": 9.983492063492063,
      "loop": true
    },
    "click": {
      "start": 11,
      "end": 11.168979591836734,
      "loop": false
    },
    "grumpy_cat_01": {
      "start": 13,
      "end": 13.918299319727891,
      "loop": false
    },
    "grumpy_cat_02": {
      "start": 15,
      "end": 16.07548752834467,
      "loop": false
    },
    "grumpy_cat_03": {
      "start": 18,
      "end": 19.600839002267573,
      "loop": false
    },
    "happy_cat_01": {
      "start": 21,
      "end": 21.737596371882088,
      "loop": false
    },
    "happy_cat_02": {
      "start": 23,
      "end": 23.701020408163266,
      "loop": false
    },
    "happy_cat_03": {
      "start": 25,
      "end": 25.698979591836736,
      "loop": false
    },
    "rollover_cat": {
      "start": 27,
      "end": 27.052244897959184,
      "loop": false
    },
    "slide_level_container": {
      "start": 29,
      "end": 29.105555555555554,
      "loop": false
    },
    "soundtrack": {
      "start": 31,
      "end": 76.39022675736962,
      "loop": true
    }
  }
}