{
  "resources": [
    "../assets/audio/audiosprite.mp3"
  ],
  "spritemap": {
    "click": {
      "start": 0,
      "end": 0.1689795918367347,
      "loop": false
    },
    "grumpy_cat_01": {
      "start": 2,
      "end": 2.918299319727891,
      "loop": false
    },
    "grumpy_cat_02": {
      "start": 4,
      "end": 5.075487528344671,
      "loop": false
    },
    "grumpy_cat_03": {
      "start": 7,
      "end": 8.600839002267573,
      "loop": false
    },
    "happy_cat_01": {
      "start": 10,
      "end": 10.737596371882086,
      "loop": false
    },
    "happy_cat_02": {
      "start": 12,
      "end": 12.701020408163265,
      "loop": false
    },
    "happy_cat_03": {
      "start": 14,
      "end": 14.698979591836736,
      "loop": false
    },
    "rollover_cat": {
      "start": 16,
      "end": 16.052244897959184,
      "loop": false
    },
    "soundtrack": {
      "start": 18,
      "end": 63.39022675736962,
      "loop": true
    }
  }
}